Rarity,Decoration Name,Mysterious,Glowing,Worn,Warped,Ancient,Carved,Sealed,Steel,Silver,Gold,Astral
5,Antiblast Jewel 1,0.02742,0.02097,0.00323,0.00000,0.00000,0.00000,0.00000,0.00000,0.00000,0.00000,0.00000
5,Antidote Jewel 1,0.04570,0.03495,0.00538,0.00000,0.00000,0.00000,0.00000,0.00000,0.00000,0.00000,0.00000
5,Antipara Jewel 1,0.04570,0.03495,0.00538,0.00000,0.00000,0.00000,0.00000,0.00000,0.00000,0.00000,0.00000
5,Botany Jewel 1,0.02742,0.02097,0.00323,0.00000,0.00000,0.00000,0.00000,0.00000,0.00000,0.00000,0.00000
5,Crisis Jewel 1,0.04570,0.03495,0.00538,0.00000,0.00000,0.00000,0.00000,0.00000,0.00000,0.00000,0.00000
5,Def Lock Jewel 1,0.04570,0.03495,0.00538,0.00000,0.00000,0.00000,0.00000,0.00000,0.00000,0.00000,0.00000
5,Dragon Res Jewel 1,0.02742,0.02097,0.00323,0.00000,0.00000,0.00000,0.00000,0.00000,0.00000,0.00000,0.00000
5,Fire Res Jewel 1,0.02742,0.02097,0.00323,0.00000,0.00000,0.00000,0.00000,0.00000,0.00000,0.00000,0.00000
5,Flight Jewel 2,0.04570,0.03495,0.00538,0.00000,0.00000,0.00000,0.00000,0.00000,0.00000,0.00000,0.00000
5,Fortitude Jewel 1,0.04570,0.03495,0.00538,0.00000,0.00000,0.00000,0.00000,0.00000,0.00000,0.00000,0.00000
5,Geology Jewel 1,0.02742,0.02097,0.00323,0.00000,0.00000,0.00000,0.00000,0.00000,0.00000,0.00000,0.00000
5,Heavy Artillery Jewel 1,0.02742,0.02097,0.00323,0.00000,0.00000,0.00000,0.00000,0.00000,0.00000,0.00000,0.00000
5,Hungerless Jewel 1,0.00914,0.00699,0.00108,0.00000,0.00000,0.00000,0.00000,0.00000,0.00000,0.00000,0.00000
5,Ice Res Jewel 1,0.02742,0.02097,0.00323,0.00000,0.00000,0.00000,0.00000,0.00000,0.00000,0.00000,0.00000
5,Intimidator Jewel 1,0.00914,0.00699,0.00108,0.00000,0.00000,0.00000,0.00000,0.00000,0.00000,0.00000,0.00000
5,Maintenance Jewel 1,0.00914,0.00699,0.00108,0.00000,0.00000,0.00000,0.00000,0.00000,0.00000,0.00000,0.00000
5,Meowster Jewel 1,0.04570,0.03495,0.00538,0.00000,0.00000,0.00000,0.00000,0.00000,0.00000,0.00000,0.00000
5,Miasma Jewel 1,0.02742,0.02097,0.00323,0.00000,0.00000,0.00000,0.00000,0.00000,0.00000,0.00000,0.00000
5,Mirewalker Jewel 1,0.00914,0.00699,0.00108,0.00000,0.00000,0.00000,0.00000,0.00000,0.00000,0.00000,0.00000
5,Pep Jewel 1,0.04570,0.03495,0.00538,0.00000,0.00000,0.00000,0.00000,0.00000,0.00000,0.00000,0.00000
5,Protection Jewel 1,0.00914,0.00699,0.00108,0.00000,0.00000,0.00526,0.00298,0.00000,0.01754,0.00000,0.00000
5,Satiated Jewel 1,0.00914,0.00699,0.00108,0.00000,0.00000,0.00526,0.00298,0.00000,0.01754,0.00000,0.00000
5,Scent Jewel 1,0.02742,0.02097,0.00323,0.00000,0.00000,0.00000,0.00000,0.00000,0.00000,0.00000,0.00000
5,Smoke Jewel 1,0.02742,0.02097,0.00323,0.00000,0.00000,0.00000,0.00000,0.00000,0.00000,0.00000,0.00000
5,Specimen Jewel 1,0.04570,0.03495,0.00538,0.00000,0.00000,0.00000,0.00000,0.00000,0.00000,0.00000,0.00000
5,Suture Jewel 1,0.02742,0.02097,0.00323,0.00000,0.00000,0.00000,0.00000,0.00000,0.00000,0.00000,0.00000
5,Thunder Res Jewel 1,0.02742,0.02097,0.00323,0.00000,0.00000,0.00000,0.00000,0.00000,0.00000,0.00000,0.00000
5,Tip Toe Jewel 1,0.02742,0.02097,0.00323,0.00000,0.00000,0.00000,0.00000,0.00000,0.00000,0.00000,0.00000
5,Water Res Jewel 1,0.02742,0.02097,0.00323,0.00000,0.00000,0.00000,0.00000,0.00000,0.00000,0.00000,0.00000
6,Blaze Jewel 1,0.00429,0.00971,0.02343,0.02200,0.01514,0.00000,0.00000,0.02857,0.00000,0.00000,0.00000
6,Bolt Jewel 1,0.00429,0.00971,0.02343,0.02200,0.01514,0.00000,0.00000,0.02857,0.00000,0.00000,0.00000
6,Bomber Jewel 1,0.00429,0.00971,0.02343,0.02200,0.01514,0.00526,0.00298,0.02857,0.01754,0.00000,0.00000
6,Brace Jewel 3,0.00714,0.01619,0.03905,0.03667,0.02524,0.00526,0.00298,0.04762,0.01754,0.00000,0.00000
6,Defense Jewel 1,0.00429,0.00971,0.02343,0.02200,0.01514,0.00000,0.00000,0.02857,0.00000,0.00000,0.00000
6,Destroyer Jewel 2,0.00143,0.00324,0.00781,0.00733,0.00505,0.00526,0.00298,0.00952,0.01754,0.00000,0.00000
6,Dragon Jewel 1,0.00429,0.00971,0.02343,0.02200,0.01514,0.00000,0.00000,0.02857,0.00000,0.00000,0.00000
6,Drain Jewel 1,0.00429,0.00971,0.02343,0.02200,0.01514,0.00526,0.00298,0.02857,0.01754,0.00000,0.00000
6,Earplug Jewel 3,0.00429,0.00971,0.02343,0.02200,0.01514,0.00526,0.00298,0.02857,0.01754,0.00000,0.00000
6,Elementless Jewel 2,0.00429,0.00971,0.02343,0.02200,0.01514,0.00000,0.00000,0.02857,0.00000,0.00000,0.00000
6,Enduring Jewel 1,0.00714,0.01619,0.03905,0.03667,0.02524,0.00000,0.00000,0.04762,0.00000,0.00000,0.00000
6,Evasion Jewel 2,0.00143,0.00324,0.00781,0.00733,0.00505,0.00526,0.00298,0.00952,0.01754,0.00000,0.00000
6,Expert Jewel 1,0.00143,0.00324,0.00781,0.00733,0.00505,0.00526,0.00298,0.00952,0.01754,0.00000,0.00000
6,Footing Jewel 2,0.00714,0.01619,0.03905,0.03667,0.02524,0.00526,0.00298,0.04762,0.01754,0.00000,0.00000
6,Friendship Jewel 1,0.00429,0.00971,0.02343,0.02200,0.01514,0.00526,0.00298,0.02857,0.01754,0.00000,0.00000
6,Frost Jewel 1,0.00429,0.00971,0.02343,0.02200,0.01514,0.00000,0.00000,0.02857,0.00000,0.00000,0.00000
6,Gobbler Jewel 1,0.00714,0.01619,0.03905,0.03667,0.02524,0.00000,0.00000,0.04762,0.00000,0.00000,0.00000
6,Grinder Jewel 1,0.00429,0.00971,0.02343,0.02200,0.01514,0.00526,0.00298,0.02857,0.01754,0.00000,0.00000
6,Jumping Jewel 2,0.00143,0.00324,0.00781,0.00733,0.00505,0.00526,0.00298,0.00952,0.01754,0.00000,0.00000
6,KO Jewel 2,0.00429,0.00971,0.02343,0.02200,0.01514,0.00526,0.00298,0.02857,0.01754,0.00000,0.00000
6,Medicine Jewel 1,0.00429,0.00971,0.02343,0.02200,0.01514,0.00000,0.00000,0.02857,0.00000,0.00000,0.00000
6,Physique Jewel 2,0.00143,0.00324,0.00781,0.00733,0.00505,0.00526,0.00298,0.00952,0.01754,0.00000,0.00000
6,Poisoncoat Jewel 3,0.00714,0.01619,0.03905,0.03667,0.02524,0.00526,0.00298,0.04762,0.01754,0.00000,0.00000
6,Recovery Jewel 1,0.00143,0.00324,0.00781,0.00733,0.00505,0.00000,0.00000,0.00952,0.00000,0.00000,0.00000
6,Resistor Jewel 1,0.00714,0.01619,0.03905,0.03667,0.02524,0.00526,0.00298,0.04762,0.01754,0.00000,0.00000
6,Sheath Jewel 1,0.00143,0.00324,0.00781,0.00733,0.00505,0.00526,0.00298,0.00952,0.01754,0.00000,0.00000
6,Slider Jewel 2,0.00429,0.00971,0.02343,0.02200,0.01514,0.00000,0.00000,0.02857,0.00000,0.00000,0.00000
6,Sonorous Jewel 1,0.00143,0.00324,0.00781,0.00733,0.00505,0.00000,0.00000,0.00952,0.00000,0.00000,0.00000
6,Steadfast Jewel 1,0.00714,0.01619,0.03905,0.03667,0.02524,0.00526,0.00298,0.04762,0.01754,0.00000,0.00000
6,Stonethrower Jewel 1,0.00429,0.00971,0.02343,0.02200,0.01514,0.00526,0.00298,0.02857,0.01754,0.00000,0.00000
6,Stream Jewel 1,0.00429,0.00971,0.02343,0.02200,0.01514,0.00000,0.00000,0.02857,0.00000,0.00000,0.00000
6,Tenderizer Jewel 2,0.00143,0.00324,0.00781,0.00733,0.00505,0.00526,0.00298,0.00952,0.01754,0.00000,0.00000
6,Venom Jewel 1,0.00714,0.01619,0.03905,0.03667,0.02524,0.00526,0.00298,0.04762,0.01754,0.00000,0.00000
6,Vitality Jewel 1,0.00714,0.01619,0.03905,0.03667,0.02524,0.00000,0.00000,0.04762,0.00000,0.00000,0.00000
6,Wind Resist Jewel 2,0.00429,0.00971,0.02343,0.02200,0.01514,0.00526,0.00298,0.02857,0.01754,0.00000,0.00000
7,Attack Jewel 1,0.00000,0.00017,0.00100,0.00300,0.00000,0.00526,0.00298,0.00000,0.01754,0.00000,0.00000
7,Blast Jewel 1,0.00000,0.00050,0.00300,0.00900,0.00000,0.00526,0.00298,0.00000,0.01754,0.00000,0.00000
7,Blastcoat Jewel 3,0.00000,0.00083,0.00500,0.01500,0.00000,0.00526,0.00298,0.00000,0.01754,0.00000,0.00000
7,Challenger Jewel 2,0.00000,0.00017,0.00100,0.00300,0.00000,0.00526,0.00298,0.00000,0.01754,0.00000,0.00000
7,Dragonseal Jewel 3,0.00000,0.00050,0.00300,0.00900,0.00000,0.00000,0.00000,0.00000,0.00000,0.00000,0.00000
7,Enhancer Jewel 2,0.00000,0.00050,0.00300,0.00900,0.00000,0.00526,0.00298,0.00000,0.01754,0.00000,0.00000
7,Flawless Jewel 2,0.00000,0.00083,0.00500,0.01500,0.00000,0.00526,0.00298,0.00000,0.01754,0.00000,0.00000
7,Forceshot Jewel 3,0.00000,0.00017,0.00100,0.00300,0.00000,0.00526,0.00298,0.00000,0.01754,0.00000,0.00000
7,Furor Jewel 2,0.00000,0.00017,0.00100,0.00300,0.00000,0.00526,0.00298,0.00000,0.01754,0.00000,0.00000
7,Ironwall Jewel 1,0.00000,0.00017,0.00100,0.00300,0.00000,0.01053,0.00596,0.00000,0.03509,0.00000,0.00000
7,Magazine Jewel 2,0.00000,0.00017,0.00100,0.00300,0.00000,0.00526,0.00298,0.00000,0.01754,0.00000,0.00000
7,Mighty Jewel 2,0.00000,0.00050,0.00300,0.00900,0.00000,0.00526,0.00298,0.00000,0.01754,0.00000,0.00000
7,Paracoat Jewel 3,0.00000,0.00050,0.00300,0.00900,0.00000,0.00526,0.00298,0.00000,0.01754,0.00000,0.00000
7,Paralyzer Jewel 1,0.00000,0.00050,0.00300,0.00900,0.00000,0.00526,0.00298,0.00000,0.01754,0.00000,0.00000
7,Potential Jewel 2,0.00000,0.00083,0.00500,0.01500,0.00000,0.00526,0.00298,0.00000,0.01754,0.00000,0.00000
7,Refresh Jewel 2,0.00000,0.00017,0.00100,0.00300,0.00000,0.00526,0.00298,0.00000,0.01754,0.00000,0.00000
7,Sharp Jewel 2,0.00000,0.00050,0.00300,0.00900,0.00000,0.00000,0.00000,0.00000,0.00000,0.00000,0.00000
7,Shield Jewel 2,0.00000,0.00017,0.00100,0.00300,0.00000,0.00000,0.00000,0.00000,0.00000,0.00000,0.00000
7,Sleep Jewel 1,0.00000,0.00083,0.00500,0.01500,0.00000,0.00526,0.00298,0.00000,0.01754,0.00000,0.00000
7,Sleepcoat Jewel 3,0.00000,0.00083,0.00500,0.01500,0.00000,0.00526,0.00298,0.00000,0.01754,0.00000,0.00000
7,Throttle Jewel 2,0.00000,0.00083,0.00500,0.01500,0.00000,0.00526,0.00298,0.00000,0.01754,0.00000,0.00000
7,Trueshot Jewel 1,0.00000,0.00017,0.00100,0.00300,0.00000,0.00526,0.00298,0.00000,0.01754,0.00000,0.00000
8,Artillery Jewel 1,0.00000,0.00000,0.00273,0.00682,0.00000,0.00526,0.00298,0.00000,0.01754,0.00000,0.00000
8,Charger Jewel 2,0.00000,0.00000,0.00091,0.00227,0.00000,0.00526,0.00298,0.00000,0.01754,0.00000,0.00000
8,Critical Jewel 2,0.00000,0.00000,0.00455,0.01136,0.00000,0.00526,0.00298,0.00000,0.01754,0.00000,0.00000
8,Draw Jewel 2,0.00000,0.00000,0.00091,0.00227,0.00000,0.00526,0.00298,0.00000,0.01754,0.00000,0.00000
8,Fungiform Jewel 1,0.00000,0.00000,0.00091,0.00227,0.00000,0.00526,0.00298,0.00000,0.01754,0.00000,0.00000
8,Handicraft Jewel 3,0.00000,0.00000,0.00091,0.00227,0.00000,0.00526,0.00298,0.00000,0.01754,0.00000,0.00000
8,Mighty Bow Jewel 2,0.00000,0.00000,0.00273,0.00682,0.00000,0.00000,0.00000,0.00000,0.00000,0.00000,0.00000
8,Mind's Eye Jewel 2,0.00000,0.00000,0.00091,0.00227,0.00000,0.00000,0.00000,0.00000,0.00000,0.00000,0.00000
8,Pierce Jewel 3,0.00000,0.00000,0.00091,0.00227,0.00000,0.00526,0.00298,0.00000,0.01754,0.00000,0.00000
8,Release Jewel 3,0.00000,0.00000,0.00091,0.00227,0.00000,0.00526,0.00298,0.00000,0.01754,0.00000,0.00000
8,Spread Jewel 3,0.00000,0.00000,0.00273,0.00682,0.00000,0.00526,0.00298,0.00000,0.01754,0.00000,0.00000
8,Sprinter Jewel 2,0.00000,0.00000,0.00091,0.00227,0.00000,0.00526,0.00298,0.00000,0.01754,0.00000,0.00000
9,Cooling Jewel 2,0.00000,0.00000,0.00000,0.00000,0.00000,0.00526,0.00298,0.00000,0.01754,0.00000,0.00000
9,Antiblast Jewel+ 4,0.00000,0.00000,0.00000,0.00000,0.00647,0.00412,0.00000,0.00000,0.00000,0.00000,0.00000
9,Artillery Jewel+ 4,0.00000,0.00000,0.00000,0.00000,0.00647,0.00412,0.00000,0.00000,0.00000,0.00000,0.00000
9,Botany Jewel+ 4,0.00000,0.00000,0.00000,0.00000,0.00647,0.00412,0.00000,0.00000,0.00000,0.00000,0.00000
9,Crisis/Attack Jewel 4,0.00000,0.00000,0.00000,0.00000,0.00647,0.00412,0.00000,0.00000,0.00000,0.00000,0.00000
9,Crisis/Evasion Jewel 4,0.00000,0.00000,0.00000,0.00000,0.00647,0.00412,0.00000,0.00000,0.00000,0.00000,0.00000
9,Crisis/Expert Jewel 4,0.00000,0.00000,0.00000,0.00000,0.00647,0.00412,0.00000,0.00000,0.00000,0.00000,0.00000
9,Crisis/Physique Jewel 4,0.00000,0.00000,0.00000,0.00000,0.00647,0.00412,0.00000,0.00000,0.00000,0.00000,0.00000
9,Def Lock Jewel+ 4,0.00000,0.00000,0.00000,0.00000,0.00647,0.00412,0.00000,0.00000,0.00000,0.00000,0.00000
9,Defense Jewel+ 4,0.00000,0.00000,0.00000,0.00000,0.00647,0.00412,0.00000,0.00000,0.00000,0.00000,0.00000
9,Dragon Res Jewel+ 4,0.00000,0.00000,0.00000,0.00000,0.00647,0.00412,0.00000,0.00000,0.00000,0.00000,0.00000
9,Enduring Jewel+ 4,0.00000,0.00000,0.00000,0.00000,0.00647,0.00412,0.00000,0.00000,0.00000,0.00000,0.00000
9,Fire Res Jewel+ 4,0.00000,0.00000,0.00000,0.00000,0.00647,0.00412,0.00000,0.00000,0.00000,0.00000,0.00000
9,Fortitude/Attack Jewel 4,0.00000,0.00000,0.00000,0.00000,0.00647,0.00412,0.00000,0.00000,0.00000,0.00000,0.00000
9,Fortitude/Evasion Jewel 4,0.00000,0.00000,0.00000,0.00000,0.00647,0.00412,0.00000,0.00000,0.00000,0.00000,0.00000
9,Fortitude/Expert Jewel 4,0.00000,0.00000,0.00000,0.00000,0.00647,0.00412,0.00000,0.00000,0.00000,0.00000,0.00000
9,Fortitude/Physique Jewel 4,0.00000,0.00000,0.00000,0.00000,0.00647,0.00412,0.00000,0.00000,0.00000,0.00000,0.00000
9,Geology Jewel+ 4,0.00000,0.00000,0.00000,0.00000,0.00647,0.00412,0.00000,0.00000,0.00000,0.00000,0.00000
9,Guardian/Attack Jewel 4,0.00000,0.00000,0.00000,0.00000,0.00647,0.00412,0.00000,0.00000,0.00000,0.00000,0.00000
9,Guardian/Evasion Jewel 4,0.00000,0.00000,0.00000,0.00000,0.00647,0.00412,0.00000,0.00000,0.00000,0.00000,0.00000
9,Guardian/Expert Jewel 4,0.00000,0.00000,0.00000,0.00000,0.00647,0.00412,0.00000,0.00000,0.00000,0.00000,0.00000
9,Guardian/Physique Jewel 4,0.00000,0.00000,0.00000,0.00000,0.00647,0.00412,0.00000,0.00000,0.00000,0.00000,0.00000
9,Hard Intimidator Jewel 4,0.00000,0.00000,0.00000,0.00000,0.00647,0.00412,0.00000,0.00000,0.00000,0.00000,0.00000
9,Hard Meowster Jewel 4,0.00000,0.00000,0.00000,0.00000,0.00647,0.00412,0.00000,0.00000,0.00000,0.00000,0.00000
9,Hard Tip Toe Jewel 4,0.00000,0.00000,0.00000,0.00000,0.00647,0.00412,0.00000,0.00000,0.00000,0.00000,0.00000
9,Heavy Artillery Jewel+ 4,0.00000,0.00000,0.00000,0.00000,0.00647,0.00412,0.00000,0.00000,0.00000,0.00000,0.00000
9,Hungerless Jewel+ 4,0.00000,0.00000,0.00000,0.00000,0.00647,0.00412,0.00000,0.00000,0.00000,0.00000,0.00000
9,Intimidator Jewel+ 4,0.00000,0.00000,0.00000,0.00000,0.00647,0.00412,0.00000,0.00000,0.00000,0.00000,0.00000
9,Meowster Jewel+ 4,0.00000,0.00000,0.00000,0.00000,0.00647,0.00412,0.00000,0.00000,0.00000,0.00000,0.00000
9,Miasma Jewel+ 4,0.00000,0.00000,0.00000,0.00000,0.00647,0.00412,0.00000,0.00000,0.00000,0.00000,0.00000
9,Pep Jewel+ 4,0.00000,0.00000,0.00000,0.00000,0.00647,0.00412,0.00000,0.00000,0.00000,0.00000,0.00000
9,Recovery Jewel+ 4,0.00000,0.00000,0.00000,0.00000,0.00647,0.00412,0.00000,0.00000,0.00000,0.00000,0.00000
9,Satiated/Attack Jewel 4,0.00000,0.00000,0.00000,0.00000,0.00647,0.00412,0.00000,0.00000,0.00000,0.00000,0.00000
9,Satiated/Evasion Jewel 4,0.00000,0.00000,0.00000,0.00000,0.00647,0.00412,0.00000,0.00000,0.00000,0.00000,0.00000
9,Satiated/Expert Jewel 4,0.00000,0.00000,0.00000,0.00000,0.00647,0.00412,0.00000,0.00000,0.00000,0.00000,0.00000
9,Satiated/Physique Jewel 4,0.00000,0.00000,0.00000,0.00000,0.00647,0.00412,0.00000,0.00000,0.00000,0.00000,0.00000
9,Slider/Attack Jewel 4,0.00000,0.00000,0.00000,0.00000,0.00647,0.00412,0.00000,0.00000,0.00000,0.00000,0.00000
9,Slider/Evasion Jewel 4,0.00000,0.00000,0.00000,0.00000,0.00647,0.00412,0.00000,0.00000,0.00000,0.00000,0.00000
9,Slider/Expert Jewel 4,0.00000,0.00000,0.00000,0.00000,0.00647,0.00412,0.00000,0.00000,0.00000,0.00000,0.00000
9,Slider/Physique Jewel 4,0.00000,0.00000,0.00000,0.00000,0.00647,0.00412,0.00000,0.00000,0.00000,0.00000,0.00000
9,Sonorous Jewel+ 4,0.00000,0.00000,0.00000,0.00000,0.00647,0.00412,0.00000,0.00000,0.00000,0.00000,0.00000
9,Specimen Jewel+ 4,0.00000,0.00000,0.00000,0.00000,0.00647,0.00412,0.00000,0.00000,0.00000,0.00000,0.00000
9,Steadfast Jewel+ 4,0.00000,0.00000,0.00000,0.00000,0.00647,0.00412,0.00000,0.00000,0.00000,0.00000,0.00000
9,Stonethrower/Attack Jewel 4,0.00000,0.00000,0.00000,0.00000,0.00647,0.00412,0.00000,0.00000,0.00000,0.00000,0.00000
9,Stonethrower/Evasion Jewel 4,0.00000,0.00000,0.00000,0.00000,0.00647,0.00412,0.00000,0.00000,0.00000,0.00000,0.00000
9,Stonethrower/Expert Jewel 4,0.00000,0.00000,0.00000,0.00000,0.00647,0.00412,0.00000,0.00000,0.00000,0.00000,0.00000
9,Stonethrower/Physique Jewel 4,0.00000,0.00000,0.00000,0.00000,0.00647,0.00412,0.00000,0.00000,0.00000,0.00000,0.00000
9,Survival Jewel+ 4,0.00000,0.00000,0.00000,0.00000,0.00647,0.00412,0.00000,0.00000,0.00000,0.00000,0.00000
9,Suture Jewel+ 4,0.00000,0.00000,0.00000,0.00000,0.00647,0.00412,0.00000,0.00000,0.00000,0.00000,0.00000
9,Thunder Res Jewel+ 4,0.00000,0.00000,0.00000,0.00000,0.00647,0.00412,0.00000,0.00000,0.00000,0.00000,0.00000
9,Tip Toe Jewel+ 4,0.00000,0.00000,0.00000,0.00000,0.00647,0.00412,0.00000,0.00000,0.00000,0.00000,0.00000
9,Water Res Jewel+ 4,0.00000,0.00000,0.00000,0.00000,0.00647,0.00412,0.00000,0.00000,0.00000,0.00000,0.00000
10,Guardian Jewel 2,0.00000,0.00000,0.00000,0.00000,0.00000,0.01053,0.00596,0.00000,0.03509,0.00000,0.00000
10,Bomber/Attack Jewel 4,0.00000,0.00000,0.00000,0.00000,0.00095,0.00250,0.00372,0.00000,0.00000,0.00676,0.00000
10,Bomber/Evasion Jewel 4,0.00000,0.00000,0.00000,0.00000,0.00095,0.00250,0.00372,0.00000,0.00000,0.00676,0.00000
10,Bomber/Expert Jewel 4,0.00000,0.00000,0.00000,0.00000,0.00095,0.00250,0.00372,0.00000,0.00000,0.00676,0.00000
10,Bomber/Physique Jewel 4,0.00000,0.00000,0.00000,0.00000,0.00095,0.00250,0.00372,0.00000,0.00000,0.00676,0.00000
10,Brace/Maintenance Jewel 4,0.00000,0.00000,0.00000,0.00000,0.00095,0.00250,0.00372,0.00000,0.00000,0.00676,0.00000
10,Brace/Medicine Jewel 4,0.00000,0.00000,0.00000,0.00000,0.00095,0.00250,0.00372,0.00000,0.00000,0.00676,0.00000
10,Brace/Protection Jewel 4,0.00000,0.00000,0.00000,0.00000,0.00095,0.00250,0.00372,0.00000,0.00000,0.00676,0.00000
10,Brace/Vitality Jewel 4,0.00000,0.00000,0.00000,0.00000,0.00095,0.00250,0.00372,0.00000,0.00000,0.00676,0.00000
10,Challenger/Maintenance Jewel 4,0.00000,0.00000,0.00000,0.00000,0.00095,0.00250,0.00372,0.00000,0.00000,0.00676,0.00000
10,Challenger/Medicine Jewel 4,0.00000,0.00000,0.00000,0.00000,0.00095,0.00250,0.00372,0.00000,0.00000,0.00676,0.00000
10,Challenger/Protection Jewel 4,0.00000,0.00000,0.00000,0.00000,0.00095,0.00250,0.00372,0.00000,0.00000,0.00676,0.00000
10,Challenger/Vitality Jewel 4,0.00000,0.00000,0.00000,0.00000,0.00095,0.00250,0.00372,0.00000,0.00000,0.00676,0.00000
10,Charger/Maintenance Jewel 4,0.00000,0.00000,0.00000,0.00000,0.00095,0.00250,0.00372,0.00000,0.00000,0.00676,0.00000
10,Charger/Medicine Jewel 4,0.00000,0.00000,0.00000,0.00000,0.00095,0.00250,0.00372,0.00000,0.00000,0.00676,0.00000
10,Charger/Protection Jewel 4,0.00000,0.00000,0.00000,0.00000,0.00095,0.00250,0.00372,0.00000,0.00000,0.00676,0.00000
10,Charger/Vitality Jewel 4,0.00000,0.00000,0.00000,0.00000,0.00095,0.00250,0.00372,0.00000,0.00000,0.00676,0.00000
10,Crisis/Handicraft Jewel 4,0.00000,0.00000,0.00000,0.00000,0.00095,0.00250,0.00372,0.00000,0.00000,0.00676,0.00000
10,Crisis/Release Jewel 4,0.00000,0.00000,0.00000,0.00000,0.00095,0.00250,0.00372,0.00000,0.00000,0.00676,0.00000
10,Destroyer/Maintenance Jewel 4,0.00000,0.00000,0.00000,0.00000,0.00095,0.00250,0.00372,0.00000,0.00000,0.00676,0.00000
10,Destroyer/Medicine Jewel 4,0.00000,0.00000,0.00000,0.00000,0.00095,0.00250,0.00372,0.00000,0.00000,0.00676,0.00000
10,Destroyer/Protection Jewel 4,0.00000,0.00000,0.00000,0.00000,0.00095,0.00250,0.00372,0.00000,0.00000,0.00676,0.00000
10,Destroyer/Vitality Jewel 4,0.00000,0.00000,0.00000,0.00000,0.00095,0.00250,0.00372,0.00000,0.00000,0.00676,0.00000
10,Drain/Attack Jewel 4,0.00000,0.00000,0.00000,0.00000,0.00095,0.00250,0.00372,0.00000,0.00000,0.00676,0.00000
10,Drain/Evasion Jewel 4,0.00000,0.00000,0.00000,0.00000,0.00095,0.00250,0.00372,0.00000,0.00000,0.00676,0.00000
10,Drain/Expert Jewel 4,0.00000,0.00000,0.00000,0.00000,0.00095,0.00250,0.00372,0.00000,0.00000,0.00676,0.00000
10,Drain/Physique Jewel 4,0.00000,0.00000,0.00000,0.00000,0.00095,0.00250,0.00372,0.00000,0.00000,0.00676,0.00000
10,Draw/Maintenance Jewel 4,0.00000,0.00000,0.00000,0.00000,0.00095,0.00250,0.00372,0.00000,0.00000,0.00676,0.00000
10,Draw/Medicine Jewel 4,0.00000,0.00000,0.00000,0.00000,0.00095,0.00250,0.00372,0.00000,0.00000,0.00676,0.00000
10,Draw/Protection Jewel 4,0.00000,0.00000,0.00000,0.00000,0.00095,0.00250,0.00372,0.00000,0.00000,0.00676,0.00000
10,Draw/Vitality Jewel 4,0.00000,0.00000,0.00000,0.00000,0.00095,0.00250,0.00372,0.00000,0.00000,0.00676,0.00000
10,Enhancer/Maintenance Jewel 4,0.00000,0.00000,0.00000,0.00000,0.00095,0.00250,0.00372,0.00000,0.00000,0.00676,0.00000
10,Enhancer/Medicine Jewel 4,0.00000,0.00000,0.00000,0.00000,0.00095,0.00250,0.00372,0.00000,0.00000,0.00676,0.00000
10,Enhancer/Protection Jewel 4,0.00000,0.00000,0.00000,0.00000,0.00095,0.00250,0.00372,0.00000,0.00000,0.00676,0.00000
10,Enhancer/Vitality Jewel 4,0.00000,0.00000,0.00000,0.00000,0.00095,0.00250,0.00372,0.00000,0.00000,0.00676,0.00000
10,Flawless/Maintenance Jewel 4,0.00000,0.00000,0.00000,0.00000,0.00095,0.00250,0.00372,0.00000,0.00000,0.00676,0.00000
10,Flawless/Medicine Jewel 4,0.00000,0.00000,0.00000,0.00000,0.00095,0.00250,0.00372,0.00000,0.00000,0.00676,0.00000
10,Flawless/Protection Jewel 4,0.00000,0.00000,0.00000,0.00000,0.00095,0.00250,0.00372,0.00000,0.00000,0.00676,0.00000
10,Flawless/Vitality Jewel 4,0.00000,0.00000,0.00000,0.00000,0.00095,0.00250,0.00372,0.00000,0.00000,0.00676,0.00000
10,Flight/Attack Jewel 4,0.00000,0.00000,0.00000,0.00000,0.00095,0.00250,0.00372,0.00000,0.00000,0.00676,0.00000
10,Flight/Evasion Jewel 4,0.00000,0.00000,0.00000,0.00000,0.00095,0.00250,0.00372,0.00000,0.00000,0.00676,0.00000
10,Flight/Expert Jewel 4,0.00000,0.00000,0.00000,0.00000,0.00095,0.00250,0.00372,0.00000,0.00000,0.00676,0.00000
10,Flight/Physique Jewel 4,0.00000,0.00000,0.00000,0.00000,0.00095,0.00250,0.00372,0.00000,0.00000,0.00676,0.00000
10,Footing/Maintenance Jewel 4,0.00000,0.00000,0.00000,0.00000,0.00095,0.00250,0.00372,0.00000,0.00000,0.00676,0.00000
10,Footing/Medicine Jewel 4,0.00000,0.00000,0.00000,0.00000,0.00095,0.00250,0.00372,0.00000,0.00000,0.00676,0.00000
10,Footing/Protection Jewel 4,0.00000,0.00000,0.00000,0.00000,0.00095,0.00250,0.00372,0.00000,0.00000,0.00676,0.00000
10,Footing/Vitality Jewel 4,0.00000,0.00000,0.00000,0.00000,0.00095,0.00250,0.00372,0.00000,0.00000,0.00676,0.00000
10,Fortitude/Handicraft Jewel 4,0.00000,0.00000,0.00000,0.00000,0.00095,0.00250,0.00372,0.00000,0.00000,0.00676,0.00000
10,Fortitude/Release Jewel 4,0.00000,0.00000,0.00000,0.00000,0.00095,0.00250,0.00372,0.00000,0.00000,0.00676,0.00000
10,Friendship Jewel+ 4,0.00000,0.00000,0.00000,0.00000,0.00095,0.00250,0.00372,0.00000,0.00000,0.00676,0.00000
10,Friendship/Attack Jewel 4,0.00000,0.00000,0.00000,0.00000,0.00095,0.00250,0.00372,0.00000,0.00000,0.00676,0.00000
10,Friendship/Evasion Jewel 4,0.00000,0.00000,0.00000,0.00000,0.00095,0.00250,0.00372,0.00000,0.00000,0.00676,0.00000
10,Friendship/Expert Jewel 4,0.00000,0.00000,0.00000,0.00000,0.00095,0.00250,0.00372,0.00000,0.00000,0.00676,0.00000
10,Friendship/Physique Jewel 4,0.00000,0.00000,0.00000,0.00000,0.00095,0.00250,0.00372,0.00000,0.00000,0.00676,0.00000
10,Fungiform/Attack Jewel 4,0.00000,0.00000,0.00000,0.00000,0.00095,0.00250,0.00372,0.00000,0.00000,0.00676,0.00000
10,Fungiform/Evasion Jewel 4,0.00000,0.00000,0.00000,0.00000,0.00095,0.00250,0.00372,0.00000,0.00000,0.00676,0.00000
10,Fungiform/Expert Jewel 4,0.00000,0.00000,0.00000,0.00000,0.00095,0.00250,0.00372,0.00000,0.00000,0.00676,0.00000
10,Fungiform/Physique Jewel 4,0.00000,0.00000,0.00000,0.00000,0.00095,0.00250,0.00372,0.00000,0.00000,0.00676,0.00000
10,Furor/Maintenance Jewel 4,0.00000,0.00000,0.00000,0.00000,0.00095,0.00250,0.00372,0.00000,0.00000,0.00676,0.00000
10,Furor/Medicine Jewel 4,0.00000,0.00000,0.00000,0.00000,0.00095,0.00250,0.00372,0.00000,0.00000,0.00676,0.00000
10,Furor/Protection Jewel 4,0.00000,0.00000,0.00000,0.00000,0.00095,0.00250,0.00372,0.00000,0.00000,0.00676,0.00000
10,Furor/Vitality Jewel 4,0.00000,0.00000,0.00000,0.00000,0.00095,0.00250,0.00372,0.00000,0.00000,0.00676,0.00000
10,Gobbler/Attack Jewel 4,0.00000,0.00000,0.00000,0.00000,0.00095,0.00250,0.00372,0.00000,0.00000,0.00676,0.00000
10,Gobbler/Evasion Jewel 4,0.00000,0.00000,0.00000,0.00000,0.00095,0.00250,0.00372,0.00000,0.00000,0.00676,0.00000
10,Gobbler/Expert Jewel 4,0.00000,0.00000,0.00000,0.00000,0.00095,0.00250,0.00372,0.00000,0.00000,0.00676,0.00000
10,Gobbler/Physique Jewel 4,0.00000,0.00000,0.00000,0.00000,0.00095,0.00250,0.00372,0.00000,0.00000,0.00676,0.00000
10,Grinder/Attack Jewel 4,0.00000,0.00000,0.00000,0.00000,0.00095,0.00250,0.00372,0.00000,0.00000,0.00676,0.00000
10,Grinder/Evasion Jewel 4,0.00000,0.00000,0.00000,0.00000,0.00095,0.00250,0.00372,0.00000,0.00000,0.00676,0.00000
10,Grinder/Expert Jewel 4,0.00000,0.00000,0.00000,0.00000,0.00095,0.00250,0.00372,0.00000,0.00000,0.00676,0.00000
10,Grinder/Physique Jewel 4,0.00000,0.00000,0.00000,0.00000,0.00095,0.00250,0.00372,0.00000,0.00000,0.00676,0.00000
10,Guardian/Handicraft Jewel 4,0.00000,0.00000,0.00000,0.00000,0.00095,0.00250,0.00372,0.00000,0.00000,0.00676,0.00000
10,Guardian/Release Jewel 4,0.00000,0.00000,0.00000,0.00000,0.00095,0.00250,0.00372,0.00000,0.00000,0.00676,0.00000
10,Hard Defense Jewel 4,0.00000,0.00000,0.00000,0.00000,0.00095,0.00250,0.00372,0.00000,0.00000,0.00676,0.00000
10,Ironwall Jewel+ 4,0.00000,0.00000,0.00000,0.00000,0.00095,0.00250,0.00372,0.00000,0.00000,0.00676,0.00000
10,Ironwall/Attack Jewel 4,0.00000,0.00000,0.00000,0.00000,0.00095,0.00250,0.00372,0.00000,0.00000,0.00676,0.00000
10,Ironwall/Evasion Jewel 4,0.00000,0.00000,0.00000,0.00000,0.00095,0.00250,0.00372,0.00000,0.00000,0.00676,0.00000
10,Ironwall/Expert Jewel 4,0.00000,0.00000,0.00000,0.00000,0.00095,0.00250,0.00372,0.00000,0.00000,0.00676,0.00000
10,Ironwall/Physique Jewel 4,0.00000,0.00000,0.00000,0.00000,0.00095,0.00250,0.00372,0.00000,0.00000,0.00676,0.00000
10,Jumping/Attack Jewel 4,0.00000,0.00000,0.00000,0.00000,0.00095,0.00250,0.00372,0.00000,0.00000,0.00676,0.00000
10,Jumping/Evasion Jewel 4,0.00000,0.00000,0.00000,0.00000,0.00095,0.00250,0.00372,0.00000,0.00000,0.00676,0.00000
10,Jumping/Expert Jewel 4,0.00000,0.00000,0.00000,0.00000,0.00095,0.00250,0.00372,0.00000,0.00000,0.00676,0.00000
10,Jumping/Physique Jewel 4,0.00000,0.00000,0.00000,0.00000,0.00095,0.00250,0.00372,0.00000,0.00000,0.00676,0.00000
10,KO/Maintenance Jewel 4,0.00000,0.00000,0.00000,0.00000,0.00095,0.00250,0.00372,0.00000,0.00000,0.00676,0.00000
10,KO/Medicine Jewel 4,0.00000,0.00000,0.00000,0.00000,0.00095,0.00250,0.00372,0.00000,0.00000,0.00676,0.00000
10,KO/Protection Jewel 4,0.00000,0.00000,0.00000,0.00000,0.00095,0.00250,0.00372,0.00000,0.00000,0.00676,0.00000
10,KO/Vitality Jewel 4,0.00000,0.00000,0.00000,0.00000,0.00095,0.00250,0.00372,0.00000,0.00000,0.00676,0.00000
10,Mighty/Maintenance Jewel 4,0.00000,0.00000,0.00000,0.00000,0.00095,0.00250,0.00372,0.00000,0.00000,0.00676,0.00000
10,Mighty/Medicine Jewel 4,0.00000,0.00000,0.00000,0.00000,0.00095,0.00250,0.00372,0.00000,0.00000,0.00676,0.00000
10,Mighty/Protection Jewel 4,0.00000,0.00000,0.00000,0.00000,0.00095,0.00250,0.00372,0.00000,0.00000,0.00676,0.00000
10,Mighty/Vitality Jewel 4,0.00000,0.00000,0.00000,0.00000,0.00095,0.00250,0.00372,0.00000,0.00000,0.00676,0.00000
10,Physique Jewel+ 4,0.00000,0.00000,0.00000,0.00000,0.00095,0.00250,0.00372,0.00000,0.00000,0.00676,0.00000
10,Potential/Maintenance Jewel 4,0.00000,0.00000,0.00000,0.00000,0.00095,0.00250,0.00372,0.00000,0.00000,0.00676,0.00000
10,Potential/Medicine Jewel 4,0.00000,0.00000,0.00000,0.00000,0.00095,0.00250,0.00372,0.00000,0.00000,0.00676,0.00000
10,Potential/Protection Jewel 4,0.00000,0.00000,0.00000,0.00000,0.00095,0.00250,0.00372,0.00000,0.00000,0.00676,0.00000
10,Potential/Vitality Jewel 4,0.00000,0.00000,0.00000,0.00000,0.00095,0.00250,0.00372,0.00000,0.00000,0.00676,0.00000
10,Refresh/Attack Jewel 4,0.00000,0.00000,0.00000,0.00000,0.00095,0.00250,0.00372,0.00000,0.00000,0.00676,0.00000
10,Refresh/Evasion Jewel 4,0.00000,0.00000,0.00000,0.00000,0.00095,0.00250,0.00372,0.00000,0.00000,0.00676,0.00000
10,Refresh/Expert Jewel 4,0.00000,0.00000,0.00000,0.00000,0.00095,0.00250,0.00372,0.00000,0.00000,0.00676,0.00000
10,Refresh/Physique Jewel 4,0.00000,0.00000,0.00000,0.00000,0.00095,0.00250,0.00372,0.00000,0.00000,0.00676,0.00000
10,Release/Protection Jewel 4,0.00000,0.00000,0.00000,0.00000,0.00095,0.00250,0.00372,0.00000,0.00000,0.00676,0.00000
10,Resistor/Attack Jewel 4,0.00000,0.00000,0.00000,0.00000,0.00095,0.00250,0.00372,0.00000,0.00000,0.00676,0.00000
10,Resistor/Evasion Jewel 4,0.00000,0.00000,0.00000,0.00000,0.00095,0.00250,0.00372,0.00000,0.00000,0.00676,0.00000
10,Resistor/Expert Jewel 4,0.00000,0.00000,0.00000,0.00000,0.00095,0.00250,0.00372,0.00000,0.00000,0.00676,0.00000
10,Resistor/Physique Jewel 4,0.00000,0.00000,0.00000,0.00000,0.00095,0.00250,0.00372,0.00000,0.00000,0.00676,0.00000
10,Satiated/Handicraft Jewel 4,0.00000,0.00000,0.00000,0.00000,0.00095,0.00250,0.00372,0.00000,0.00000,0.00676,0.00000
10,Satiated/Release Jewel 4,0.00000,0.00000,0.00000,0.00000,0.00095,0.00250,0.00372,0.00000,0.00000,0.00676,0.00000
10,Sheath/Attack Jewel 4,0.00000,0.00000,0.00000,0.00000,0.00095,0.00250,0.00372,0.00000,0.00000,0.00676,0.00000
10,Sheath/Evasion Jewel 4,0.00000,0.00000,0.00000,0.00000,0.00095,0.00250,0.00372,0.00000,0.00000,0.00676,0.00000
10,Sheath/Expert Jewel 4,0.00000,0.00000,0.00000,0.00000,0.00095,0.00250,0.00372,0.00000,0.00000,0.00676,0.00000
10,Sheath/Physique Jewel 4,0.00000,0.00000,0.00000,0.00000,0.00095,0.00250,0.00372,0.00000,0.00000,0.00676,0.00000
10,Slider/Handicraft Jewel 4,0.00000,0.00000,0.00000,0.00000,0.00095,0.00250,0.00372,0.00000,0.00000,0.00676,0.00000
10,Slider/Release Jewel 4,0.00000,0.00000,0.00000,0.00000,0.00095,0.00250,0.00372,0.00000,0.00000,0.00676,0.00000
10,Sprinter/Attack Jewel 4,0.00000,0.00000,0.00000,0.00000,0.00095,0.00250,0.00372,0.00000,0.00000,0.00676,0.00000
10,Sprinter/Evasion Jewel 4,0.00000,0.00000,0.00000,0.00000,0.00095,0.00250,0.00372,0.00000,0.00000,0.00676,0.00000
10,Sprinter/Expert Jewel 4,0.00000,0.00000,0.00000,0.00000,0.00095,0.00250,0.00372,0.00000,0.00000,0.00676,0.00000
10,Sprinter/Physique Jewel 4,0.00000,0.00000,0.00000,0.00000,0.00095,0.00250,0.00372,0.00000,0.00000,0.00676,0.00000
10,Stonethrower/Handicraft Jewel 4,0.00000,0.00000,0.00000,0.00000,0.00095,0.00250,0.00372,0.00000,0.00000,0.00676,0.00000
10,Stonethrower/Release Jewel 4,0.00000,0.00000,0.00000,0.00000,0.00095,0.00250,0.00372,0.00000,0.00000,0.00676,0.00000
10,Throttle/Maintenance Jewel 4,0.00000,0.00000,0.00000,0.00000,0.00095,0.00250,0.00372,0.00000,0.00000,0.00676,0.00000
10,Throttle/Medicine Jewel 4,0.00000,0.00000,0.00000,0.00000,0.00095,0.00250,0.00372,0.00000,0.00000,0.00676,0.00000
10,Throttle/Protection Jewel 4,0.00000,0.00000,0.00000,0.00000,0.00095,0.00250,0.00372,0.00000,0.00000,0.00676,0.00000
10,Throttle/Vitality Jewel 4,0.00000,0.00000,0.00000,0.00000,0.00095,0.00250,0.00372,0.00000,0.00000,0.00676,0.00000
10,Wind Resist/Maintenance Jewel 4,0.00000,0.00000,0.00000,0.00000,0.00095,0.00250,0.00372,0.00000,0.00000,0.00676,0.00000
10,Wind Resist/Medicine Jewel 4,0.00000,0.00000,0.00000,0.00000,0.00095,0.00250,0.00372,0.00000,0.00000,0.00676,0.00000
10,Wind Resist/Protection Jewel 4,0.00000,0.00000,0.00000,0.00000,0.00095,0.00250,0.00372,0.00000,0.00000,0.00676,0.00000
10,Wind Resist/Vitality Jewel 4,0.00000,0.00000,0.00000,0.00000,0.00095,0.00250,0.00372,0.00000,0.00000,0.00676,0.00000
11,Blast Jewel+ 4,0.00000,0.00000,0.00000,0.00000,0.00189,0.00500,0.00743,0.00000,0.00000,0.01351,0.00000
11,Blaze Jewel+ 4,0.00000,0.00000,0.00000,0.00000,0.00284,0.00750,0.01115,0.00000,0.00000,0.02027,0.00000
11,Bolt Jewel+ 4,0.00000,0.00000,0.00000,0.00000,0.00284,0.00750,0.01115,0.00000,0.00000,0.02027,0.00000
11,Frost Jewel+ 4,0.00000,0.00000,0.00000,0.00000,0.00284,0.00750,0.01115,0.00000,0.00000,0.02027,0.00000
11,Dragon Jewel+ 4,0.00000,0.00000,0.00000,0.00000,0.00284,0.00750,0.01115,0.00000,0.00000,0.02027,0.00000
11,Paralyzer Jewel+ 4,0.00000,0.00000,0.00000,0.00000,0.00189,0.00500,0.00743,0.00000,0.00000,0.01351,0.00000
11,Sleep Jewel+ 4,0.00000,0.00000,0.00000,0.00000,0.00189,0.00500,0.00743,0.00000,0.00000,0.01351,0.00000
11,Stream Jewel+ 4,0.00000,0.00000,0.00000,0.00000,0.00284,0.00750,0.01115,0.00000,0.00000,0.02027,0.00000
11,Venom Jewel+ 4,0.00000,0.00000,0.00000,0.00000,0.00189,0.00500,0.00743,0.00000,0.00000,0.01351,0.00000
11,Bomber/Handicraft Jewel 4,0.00000,0.00000,0.00000,0.00000,0.00000,0.00130,0.00217,0.00000,0.00000,0.00000,0.01087
11,Bomber/Release Jewel 4,0.00000,0.00000,0.00000,0.00000,0.00000,0.00130,0.00217,0.00000,0.00000,0.00000,0.01087
11,Brace/Evasion Jewel 4,0.00000,0.00000,0.00000,0.00000,0.00000,0.00130,0.00217,0.00000,0.00000,0.00000,0.01087
11,Brace/Physique Jewel 4,0.00000,0.00000,0.00000,0.00000,0.00000,0.00130,0.00217,0.00000,0.00000,0.00000,0.01087
11,Challenger Jewel+ 4,0.00000,0.00000,0.00000,0.00000,0.00000,0.00130,0.00217,0.00000,0.00000,0.00000,0.01087
11,Challenger/Evasion Jewel 4,0.00000,0.00000,0.00000,0.00000,0.00000,0.00130,0.00217,0.00000,0.00000,0.00000,0.01087
11,Challenger/Physique Jewel 4,0.00000,0.00000,0.00000,0.00000,0.00000,0.00130,0.00217,0.00000,0.00000,0.00000,0.01087
11,Charger/Evasion Jewel 4,0.00000,0.00000,0.00000,0.00000,0.00000,0.00130,0.00217,0.00000,0.00000,0.00000,0.01087
11,Charger/Physique Jewel 4,0.00000,0.00000,0.00000,0.00000,0.00000,0.00130,0.00217,0.00000,0.00000,0.00000,0.01087
11,Critical/Maintenance Jewel 4,0.00000,0.00000,0.00000,0.00000,0.00000,0.00130,0.00217,0.00000,0.00000,0.00000,0.01087
11,Critical/Medicine Jewel 4,0.00000,0.00000,0.00000,0.00000,0.00000,0.00130,0.00217,0.00000,0.00000,0.00000,0.01087
11,Critical/Protection Jewel 4,0.00000,0.00000,0.00000,0.00000,0.00000,0.00130,0.00217,0.00000,0.00000,0.00000,0.01087
11,Critical/Vitality Jewel 4,0.00000,0.00000,0.00000,0.00000,0.00000,0.00130,0.00217,0.00000,0.00000,0.00000,0.01087
11,Destroyer/Evasion Jewel 4,0.00000,0.00000,0.00000,0.00000,0.00000,0.00130,0.00217,0.00000,0.00000,0.00000,0.01087
11,Destroyer/Physique Jewel 4,0.00000,0.00000,0.00000,0.00000,0.00000,0.00130,0.00217,0.00000,0.00000,0.00000,0.01087
11,Drain/Handicraft Jewel 4,0.00000,0.00000,0.00000,0.00000,0.00000,0.00130,0.00217,0.00000,0.00000,0.00000,0.01087
11,Drain/Release Jewel 4,0.00000,0.00000,0.00000,0.00000,0.00000,0.00130,0.00217,0.00000,0.00000,0.00000,0.01087
11,Draw/Evasion Jewel 4,0.00000,0.00000,0.00000,0.00000,0.00000,0.00130,0.00217,0.00000,0.00000,0.00000,0.01087
11,Draw/Physique Jewel 4,0.00000,0.00000,0.00000,0.00000,0.00000,0.00130,0.00217,0.00000,0.00000,0.00000,0.01087
11,Earplug/Maintenance Jewel 4,0.00000,0.00000,0.00000,0.00000,0.00000,0.00130,0.00217,0.00000,0.00000,0.00000,0.01087
11,Earplug/Medicine Jewel 4,0.00000,0.00000,0.00000,0.00000,0.00000,0.00130,0.00217,0.00000,0.00000,0.00000,0.01087
11,Earplug/Protection Jewel 4,0.00000,0.00000,0.00000,0.00000,0.00000,0.00130,0.00217,0.00000,0.00000,0.00000,0.01087
11,Earplug/Vitality Jewel 4,0.00000,0.00000,0.00000,0.00000,0.00000,0.00130,0.00217,0.00000,0.00000,0.00000,0.01087
11,Enhancer/Evasion Jewel 4,0.00000,0.00000,0.00000,0.00000,0.00000,0.00130,0.00217,0.00000,0.00000,0.00000,0.01087
11,Enhancer/Physique Jewel 4,0.00000,0.00000,0.00000,0.00000,0.00000,0.00130,0.00217,0.00000,0.00000,0.00000,0.01087
11,Evasion Jewel+ 4,0.00000,0.00000,0.00000,0.00000,0.00000,0.00130,0.00217,0.00000,0.00000,0.00000,0.01087
11,Flawless/Evasion Jewel 4,0.00000,0.00000,0.00000,0.00000,0.00000,0.00130,0.00217,0.00000,0.00000,0.00000,0.01087
11,Flawless/Physique Jewel 4,0.00000,0.00000,0.00000,0.00000,0.00000,0.00130,0.00217,0.00000,0.00000,0.00000,0.01087
11,Flight/Handicraft Jewel 4,0.00000,0.00000,0.00000,0.00000,0.00000,0.00130,0.00217,0.00000,0.00000,0.00000,0.01087
11,Flight/Release Jewel 4,0.00000,0.00000,0.00000,0.00000,0.00000,0.00130,0.00217,0.00000,0.00000,0.00000,0.01087
11,Footing/Evasion Jewel 4,0.00000,0.00000,0.00000,0.00000,0.00000,0.00130,0.00217,0.00000,0.00000,0.00000,0.01087
11,Footing/Physique Jewel 4,0.00000,0.00000,0.00000,0.00000,0.00000,0.00130,0.00217,0.00000,0.00000,0.00000,0.01087
11,Friendship/Handicraft Jewel 4,0.00000,0.00000,0.00000,0.00000,0.00000,0.00130,0.00217,0.00000,0.00000,0.00000,0.01087
11,Friendship/Release Jewel 4,0.00000,0.00000,0.00000,0.00000,0.00000,0.00130,0.00217,0.00000,0.00000,0.00000,0.01087
11,Fungiform/Handicraft Jewel 4,0.00000,0.00000,0.00000,0.00000,0.00000,0.00130,0.00217,0.00000,0.00000,0.00000,0.01087
11,Fungiform/Release Jewel 4,0.00000,0.00000,0.00000,0.00000,0.00000,0.00130,0.00217,0.00000,0.00000,0.00000,0.01087
11,Furor Jewel+ 4,0.00000,0.00000,0.00000,0.00000,0.00000,0.00130,0.00217,0.00000,0.00000,0.00000,0.01087
11,Furor/Evasion Jewel 4,0.00000,0.00000,0.00000,0.00000,0.00000,0.00130,0.00217,0.00000,0.00000,0.00000,0.01087
11,Furor/Physique Jewel 4,0.00000,0.00000,0.00000,0.00000,0.00000,0.00130,0.00217,0.00000,0.00000,0.00000,0.01087
11,Gobbler/Handicraft Jewel 4,0.00000,0.00000,0.00000,0.00000,0.00000,0.00130,0.00217,0.00000,0.00000,0.00000,0.01087
11,Gobbler/Release Jewel 4,0.00000,0.00000,0.00000,0.00000,0.00000,0.00130,0.00217,0.00000,0.00000,0.00000,0.01087
11,Grinder/Handicraft Jewel 4,0.00000,0.00000,0.00000,0.00000,0.00000,0.00130,0.00217,0.00000,0.00000,0.00000,0.01087
11,Grinder/Release Jewel 4,0.00000,0.00000,0.00000,0.00000,0.00000,0.00130,0.00217,0.00000,0.00000,0.00000,0.01087
11,Handicraft/Maintenance Jewel 4,0.00000,0.00000,0.00000,0.00000,0.00000,0.00130,0.00217,0.00000,0.00000,0.00000,0.01087
11,Handicraft/Medicine Jewel 4,0.00000,0.00000,0.00000,0.00000,0.00000,0.00130,0.00217,0.00000,0.00000,0.00000,0.01087
11,Handicraft/Protection Jewel 4,0.00000,0.00000,0.00000,0.00000,0.00000,0.00130,0.00217,0.00000,0.00000,0.00000,0.01087
11,Handicraft/Vitality Jewel 4,0.00000,0.00000,0.00000,0.00000,0.00000,0.00130,0.00217,0.00000,0.00000,0.00000,0.01087
11,Hard Botany Jewel+ 4,0.00000,0.00000,0.00000,0.00000,0.00000,0.00130,0.00217,0.00000,0.00000,0.00000,0.01087
11,Hard Dragon Res Jewel 4,0.00000,0.00000,0.00000,0.00000,0.00000,0.00130,0.00217,0.00000,0.00000,0.00000,0.01087
11,Hard Enduring Jewel 4,0.00000,0.00000,0.00000,0.00000,0.00000,0.00130,0.00217,0.00000,0.00000,0.00000,0.01087
11,Hard Fire Res Jewel 4,0.00000,0.00000,0.00000,0.00000,0.00000,0.00130,0.00217,0.00000,0.00000,0.00000,0.01087
11,Hard Geology Jewel 4,0.00000,0.00000,0.00000,0.00000,0.00000,0.00130,0.00217,0.00000,0.00000,0.00000,0.01087
11,Hard Ice Res Jewel 4,0.00000,0.00000,0.00000,0.00000,0.00000,0.00130,0.00217,0.00000,0.00000,0.00000,0.01087
11,Hard Specimen Jewel 4,0.00000,0.00000,0.00000,0.00000,0.00000,0.00130,0.00217,0.00000,0.00000,0.00000,0.01087
11,Hard Survival Jewel 4,0.00000,0.00000,0.00000,0.00000,0.00000,0.00130,0.00217,0.00000,0.00000,0.00000,0.01087
11,Hard Thunder Res Jewel 4,0.00000,0.00000,0.00000,0.00000,0.00000,0.00130,0.00217,0.00000,0.00000,0.00000,0.01087
11,Hard Water Res Jewel 4,0.00000,0.00000,0.00000,0.00000,0.00000,0.00130,0.00217,0.00000,0.00000,0.00000,0.01087
11,Ironwall/Handicraft Jewel 4,0.00000,0.00000,0.00000,0.00000,0.00000,0.00130,0.00217,0.00000,0.00000,0.00000,0.01087
11,Ironwall/Release Jewel 4,0.00000,0.00000,0.00000,0.00000,0.00000,0.00130,0.00217,0.00000,0.00000,0.00000,0.01087
11,Jumping/Handicraft Jewel 4,0.00000,0.00000,0.00000,0.00000,0.00000,0.00130,0.00217,0.00000,0.00000,0.00000,0.01087
11,Jumping/Release Jewel 4,0.00000,0.00000,0.00000,0.00000,0.00000,0.00130,0.00217,0.00000,0.00000,0.00000,0.01087
11,KO/Evasion Jewel 4,0.00000,0.00000,0.00000,0.00000,0.00000,0.00130,0.00217,0.00000,0.00000,0.00000,0.01087
11,KO/Physique Jewel 4,0.00000,0.00000,0.00000,0.00000,0.00000,0.00130,0.00217,0.00000,0.00000,0.00000,0.01087
11,Mighty/Evasion Jewel 4,0.00000,0.00000,0.00000,0.00000,0.00000,0.00130,0.00217,0.00000,0.00000,0.00000,0.01087
11,Mighty/Physique Jewel 4,0.00000,0.00000,0.00000,0.00000,0.00000,0.00130,0.00217,0.00000,0.00000,0.00000,0.01087
11,Phoenix Jewel 3,0.00000,0.00000,0.00000,0.00000,0.00000,0.00526,0.00298,0.00000,0.01754,0.00000,0.00000
11,Phoenix/Maintenance Jewel 4,0.00000,0.00000,0.00000,0.00000,0.00000,0.00130,0.00217,0.00000,0.00000,0.00000,0.01087
11,Phoenix/Medicine Jewel 4,0.00000,0.00000,0.00000,0.00000,0.00000,0.00130,0.00217,0.00000,0.00000,0.00000,0.01087
11,Phoenix/Protection Jewel 4,0.00000,0.00000,0.00000,0.00000,0.00000,0.00130,0.00217,0.00000,0.00000,0.00000,0.01087
11,Phoenix/Vitality Jewel 4,0.00000,0.00000,0.00000,0.00000,0.00000,0.00130,0.00217,0.00000,0.00000,0.00000,0.01087
11,Potential Jewel+ 4,0.00000,0.00000,0.00000,0.00000,0.00000,0.00130,0.00217,0.00000,0.00000,0.00000,0.01087
11,Potential/Evasion Jewel 4,0.00000,0.00000,0.00000,0.00000,0.00000,0.00130,0.00217,0.00000,0.00000,0.00000,0.01087
11,Potential/Physique Jewel 4,0.00000,0.00000,0.00000,0.00000,0.00000,0.00130,0.00217,0.00000,0.00000,0.00000,0.01087
11,Refresh/Handicraft Jewel 4,0.00000,0.00000,0.00000,0.00000,0.00000,0.00130,0.00217,0.00000,0.00000,0.00000,0.01087
11,Refresh/Release Jewel 4,0.00000,0.00000,0.00000,0.00000,0.00000,0.00130,0.00217,0.00000,0.00000,0.00000,0.01087
11,Release/Maintenance Jewel 4,0.00000,0.00000,0.00000,0.00000,0.00000,0.00130,0.00217,0.00000,0.00000,0.00000,0.01087
11,Release/Medicine Jewel 4,0.00000,0.00000,0.00000,0.00000,0.00000,0.00130,0.00217,0.00000,0.00000,0.00000,0.01087
11,Release/Vitality Jewel 4,0.00000,0.00000,0.00000,0.00000,0.00000,0.00130,0.00217,0.00000,0.00000,0.00000,0.01087
11,Resistor/Handicraft Jewel 4,0.00000,0.00000,0.00000,0.00000,0.00000,0.00130,0.00217,0.00000,0.00000,0.00000,0.01087
11,Resistor/Release Jewel 4,0.00000,0.00000,0.00000,0.00000,0.00000,0.00130,0.00217,0.00000,0.00000,0.00000,0.01087
11,Sheath/Handicraft Jewel 4,0.00000,0.00000,0.00000,0.00000,0.00000,0.00130,0.00217,0.00000,0.00000,0.00000,0.01087
11,Sheath/Release Jewel 4,0.00000,0.00000,0.00000,0.00000,0.00000,0.00130,0.00217,0.00000,0.00000,0.00000,0.01087
11,Sprinter/Handicraft Jewel 4,0.00000,0.00000,0.00000,0.00000,0.00000,0.00130,0.00217,0.00000,0.00000,0.00000,0.01087
11,Sprinter/Release Jewel 4,0.00000,0.00000,0.00000,0.00000,0.00000,0.00130,0.00217,0.00000,0.00000,0.00000,0.01087
11,Tenderizer/Maintenance Jewel 4,0.00000,0.00000,0.00000,0.00000,0.00000,0.00130,0.00217,0.00000,0.00000,0.00000,0.01087
11,Tenderizer/Medicine Jewel 4,0.00000,0.00000,0.00000,0.00000,0.00000,0.00130,0.00217,0.00000,0.00000,0.00000,0.01087
11,Tenderizer/Protection Jewel 4,0.00000,0.00000,0.00000,0.00000,0.00000,0.00130,0.00217,0.00000,0.00000,0.00000,0.01087
11,Tenderizer/Vitality Jewel 4,0.00000,0.00000,0.00000,0.00000,0.00000,0.00130,0.00217,0.00000,0.00000,0.00000,0.01087
11,Throttle Jewel+ 4,0.00000,0.00000,0.00000,0.00000,0.00000,0.00130,0.00217,0.00000,0.00000,0.00000,0.01087
11,Throttle/Evasion Jewel 4,0.00000,0.00000,0.00000,0.00000,0.00000,0.00130,0.00217,0.00000,0.00000,0.00000,0.01087
11,Throttle/Physique Jewel 4,0.00000,0.00000,0.00000,0.00000,0.00000,0.00130,0.00217,0.00000,0.00000,0.00000,0.01087
11,Wind Resist/Evasion Jewel 4,0.00000,0.00000,0.00000,0.00000,0.00000,0.00130,0.00217,0.00000,0.00000,0.00000,0.01087
11,Wind Resist/Physique Jewel 4,0.00000,0.00000,0.00000,0.00000,0.00000,0.00130,0.00217,0.00000,0.00000,0.00000,0.01087
12,Attack Jewel+ 4,0.00000,0.00000,0.00000,0.00000,0.00000,0.00000,0.00267,0.00000,0.00000,0.00000,0.00000
12,Critical/Evasion Jewel 4,0.00000,0.00000,0.00000,0.00000,0.00000,0.00000,0.00533,0.00000,0.00000,0.00000,0.00000
12,Critical/Physique Jewel 4,0.00000,0.00000,0.00000,0.00000,0.00000,0.00000,0.00533,0.00000,0.00000,0.00000,0.00000
12,Earplug Jewel+ 4,0.00000,0.00000,0.00000,0.00000,0.00000,0.00000,0.00267,0.00000,0.00000,0.00000,0.00000
12,Earplug/Evasion Jewel 4,0.00000,0.00000,0.00000,0.00000,0.00000,0.00000,0.00533,0.00000,0.00000,0.00000,0.00000
12,Earplug/Physique Jewel 4,0.00000,0.00000,0.00000,0.00000,0.00000,0.00000,0.00533,0.00000,0.00000,0.00000,0.00000
12,Expert Jewel+ 4,0.00000,0.00000,0.00000,0.00000,0.00000,0.00000,0.00267,0.00000,0.00000,0.00000,0.00000
12,Handicraft Jewel+ 4,0.00000,0.00000,0.00000,0.00000,0.00000,0.00000,0.00267,0.00000,0.00000,0.00000,0.00000
12,Handicraft/Evasion Jewel 4,0.00000,0.00000,0.00000,0.00000,0.00000,0.00000,0.00533,0.00000,0.00000,0.00000,0.00000
12,Handicraft/Physique Jewel 4,0.00000,0.00000,0.00000,0.00000,0.00000,0.00000,0.00533,0.00000,0.00000,0.00000,0.00000
12,Phoenix/Evasion Jewel 4,0.00000,0.00000,0.00000,0.00000,0.00000,0.00000,0.00533,0.00000,0.00000,0.00000,0.00000
12,Phoenix/Physique Jewel 4,0.00000,0.00000,0.00000,0.00000,0.00000,0.00000,0.00533,0.00000,0.00000,0.00000,0.00000
12,Release/Evasion Jewel 4,0.00000,0.00000,0.00000,0.00000,0.00000,0.00000,0.00533,0.00000,0.00000,0.00000,0.00000
12,Release/Physique Jewel 4,0.00000,0.00000,0.00000,0.00000,0.00000,0.00000,0.00533,0.00000,0.00000,0.00000,0.00000
12,Tenderizer/Evasion Jewel 4,0.00000,0.00000,0.00000,0.00000,0.00000,0.00000,0.00533,0.00000,0.00000,0.00000,0.00000
12,Tenderizer/Physique Jewel 4,0.00000,0.00000,0.00000,0.00000,0.00000,0.00000,0.00533,0.00000,0.00000,0.00000,0.00000
12,Trueshot Jewel+ 4,0.00000,0.00000,0.00000,0.00000,0.00000,0.00000,0.00267,0.00000,0.00000,0.00000,0.00000
12,Wind Resist Jewel+ 4,0.00000,0.00000,0.00000,0.00000,0.00000,0.00000,0.00267,0.00000,0.00000,0.00000,0.00000